Workbook

Sheet Instrucoes
A1: Log de Erros - Revisao Enare 2026/2027 (Farmacia)
A2: Prova: 13/09/2026 | Banca: FGV
A4: COMO USAR ESTA PLANILHA
A5: 1. Toda vez que voce errar uma questao (em simulado, banco de questoes ou revisao), registre uma linha na aba 'Log de Erros'.
A6: 2. Preencha as colunas A a G no momento do erro. As colunas H e I (revisao) voce preenche depois, quando revisar o tema.
A7: 3. As colunas 'Tema', 'Motivo do erro' e 'Ja revisei?' tem lista suspensa - clique na celula e escolha uma opcao.
A8: 4. A aba 'Resumo por Tema' se atualiza sozinha (formulas) e mostra quais temas tem mais erros pendentes de revisao.
A9: 5. Toda semana, olhe a aba 'Resumo por Tema', ordene mentalmente pelos temas com mais 'Erros pendentes' e priorize a revisao desses.
A10: 6. A primeira linha da aba 'Log de Erros' e um EXEMPLO preenchido (fundo amarelo) - apague o conteudo dela antes de comecar a usar, mantendo a formatacao se quiser.
A12: COLUNAS DA ABA 'Log de Erros'
A13: - Data: data em que voce errou a questao.
A14: - Semana: semana do cronograma (1 a 6).
... A22: - Confianca pos-revisao (1-5): de 1 (ainda inseguro) a 5 (dominado).

Sheet Listas
A1: Temas (edital) | B1: Motivo do erro | C1: Ja revisei? | D1: Semana
A2: 1.1 Historia das politicas de saude | B2: Nao sabia o conteudo | C2: Sim | D2: 1
A3: 1.2 SUS (Lei 8080/8142, Decreto 7508) | B3: Confundi conceitos | C3: Nao | D3: 2
A4: 1.3 Redes de Atencao a Saude | B4: Erro de interpretacao do enunciado | D4: 3
A5: 1.4 Grupos vulnerabilizados | B5: Pegadinha da banca (FGV) | D5: 4
A6: 1.5 ESF / PNAB | B6: Erro de atencao / distracao | D6: 5
A7: 1.6 PNEPS (Portaria 198/2004) | B7: Esqueci o conteudo (nao revisado ha tempo) | D7: 6
A8: 1.7 Politica Nacional de Humanizacao
A9: 1.8 Politica Nacional de Vigilancia em Saude
A10: 1.9 Bioetica
A11: 1.10 Programa Nac. Seguranca do Paciente
A12: 1.11 Trabalho em equipe multidisciplinar
A13: 1.12 NR 32
A14: 6.1 Assistencia farmaceutica no SUS
A15: 6.2 Centro de Informacao sobre Medicamento
A16: 6.3 Codigo de Etica Farmaceutica
A17: 6.4 Controle infeccao hospitalar / antimicrobianos
A18: 6.5 Controle terapeutico indice estreito
A19: 6.6 Erros de medicacao
... A36: 6.23 Atitudes profissionais

Sheet Log de Erros
A1: Data | B1: Semana | C1: Tema | D1: Fonte da questao | E1: No da questao | F1: Descricao do erro | G1: Motivo do erro | H1: Ja revisei o tema? | I1: Data da revisao | J1: Confianca pos-revisao (1-5)
A2: 03/08/2026 | B2: 1 | C2: 6.11 Interacoes medicamentosas | D2: Prova FGV Enare 2024 | E2: Q47 | F2: Confundi interacao farmacocinetica com farmacodinamica | G2: Confundi conceitos | H2: Sim | I2: 05/08/2026 | J2: 4

Sheet Resumo por Tema
A1: Resumo por Tema - Log de Erros
A3: Total de erros registrados: | B3: =COUNTA('Log de Erros'!C3:C302) -> 0
A4: Total de erros ja revisados: | B4: =COUNTIF('Log de Erros'!H3:H302,"Sim") -> 0
A5: % geral revisado: | B5: =IFERROR(B4/B3,0) -> 0
A7: Tema | B7: Total de erros | C7: Erros revisados | D7: Erros pendentes | E7: % revisado
A8: 1.1 Historia das politicas de saude | B8: =COUNTIF('Log de Erros'!$C$3:$C$302,$A8) -> 0 | C8: =COUNTIFS('Log de Erros'!$C$3:$C$302,$A8,'Log de Erros'!$H$3:$H$302,"Sim") -> 0 | D8: =B8-C8 -> 0 | E8: =IFERROR(C8/B8,0) -> 0
A9: 1.2 SUS (Lei 8080/8142, Decreto 7508) | B9: =COUNTIF('Log de Erros'!$C$3:$C$302,$A9) -> 0 | C9: =COUNTIFS('Log de Erros'!$C$3:$C$302,$A9,'Log de Erros'!$H$3:$H$302,"Sim") -> 0 | D9: =B9-C9 -> 0 | E9: =IFERROR(C9/B9,0) -> 0
A10: 1.3 Redes de Atencao a Saude | B10: =COUNTIF('Log de Erros'!$C$3:$C$302,$A10) -> 0 | C10: =COUNTIFS('Log de Erros'!$C$3:$C$302,$A10,'Log de Erros'!$H$3:$H$302,"Sim") -> 0 | D10: =B10-C10 -> 0 | E10: =IFERROR(C10/B10,0) -> 0
A11: 1.4 Grupos vulnerabilizados | B11: =COUNTIF('Log de Erros'!$C$3:$C$302,$A11) -> 0 | C11: =COUNTIFS('Log de Erros'!$C$3:$C$302,$A11,'Log de Erros'!$H$3:$H$302,"Sim") -> 0 | D11: =B11-C11 -> 0 | E11: =IFERROR(C11/B11,0) -> 0
A12: 1.5 ESF / PNAB | B12: =COUNTIF('Log de Erros'!$C$3:$C$302,$A12) -> 0 | C12: =COUNTIFS('Log de Erros'!$C$3:$C$302,$A12,'Log de Erros'!$H$3:$H$302,"Sim") -> 0 | D12: =B12-C12 -> 0 | E12: =IFERROR(C12/B12,0) -> 0
A13: 1.6 PNEPS (Portaria 198/2004) | B13: =COUNTIF('Log de Erros'!$C$3:$C$302,$A13) -> 0 | C13: =COUNTIFS('Log de Erros'!$C$3:$C$302,$A13,'Log de Erros'!$H$3:$H$302,"Sim") -> 0 | D13: =B13-C13 -> 0 | E13: =IFERROR(C13/B13,0) -> 0
A14: 1.7 Politica Nacional de Humanizacao | B14: =COUNTIF('Log de Erros'!$C$3:$C$302,$A14) -> 0 | C14: =COUNTIFS('Log de Erros'!$C$3:$C$302,$A14,'Log de Erros'!$H$3:$H$302,"Sim") -> 0 | D14: =B14-C14 -> 0 | E14: =IFERROR(C14/B14,0) -> 0
A15: 1.8 Politica Nacional de Vigilancia em Saude | B15: =COUNTIF('Log de Erros'!$C$3:$C$302,$A15) -> 0 | C15: =COUNTIFS('Log de Erros'!$C$3:$C$302,$A15,'Log de Erros'!$H$3:$H$302,"Sim") -> 0 | D15: =B15-C15 -> 0 | E15: =IFERROR(C15/B15,0) -> 0
A16: 1.9 Bioetica | B16: =COUNTIF('Log de Erros'!$C$3:$C$302,$A16) -> 0 | C16: =COUNTIFS('Log de Erros'!$C$3:$C$302,$A16,'Log de Erros'!$H$3:$H$302,"Sim") -> 0 | D16: =B16-C16 -> 0 | E16: =IFERROR(C16/B16,0) -> 0
A17: 1.10 Programa Nac. Seguranca do Paciente | B17: =COUNTIF('Log de Erros'!$C$3:$C$302,$A17) -> 0 | C17: =COUNTIFS('Log de Erros'!$C$3:$C$302,$A17,'Log de Erros'!$H$3:$H$302,"Sim") -> 0 | D17: =B17-C17 -> 0 | E17: =IFERROR(C17/B17,0) -> 0
A18: 1.11 Trabalho em equipe multidisciplinar | B18: =COUNTIF('Log de Erros'!$C$3:$C$302,$A18) -> 0 | C18: =COUNTIFS('Log de Erros'!$C$3:$C$302,$A18,'Log de Erros'!$H$3:$H$302,"Sim") -> 0 | D18: =B18-C18 -> 0 | E18: =IFERROR(C18/B18,0) -> 0
A19: 1.12 NR 32 | B19: =COUNTIF('Log de Erros'!$C$3:$C$302,$A19) -> 0 | C19: =COUNTIFS('Log de Erros'!$C$3:$C$302,$A19,'Log de Erros'!$H$3:$H$302,"Sim") -> 0 | D19: =B19-C19 -> 0 | E19: =IFERROR(C19/B19,0) -> 0
... A42: 6.23 Atitudes profissionais | B42: =COUNTIF('Log de Erros'!$C$3:$C$302,$A42) -> 0 | C42: =COUNTIFS('Log de Erros'!$C$3:$C$302,$A42,'Log de Erros'!$H$3:$H$302,"Sim") -> 0 | D42: =B42-C42 -> 0 | E42: =IFERROR(C42/B42,0) -> 0
